omkar.g.1998@gmail.com,Prof. Ashish Choudhury,Prof. Srinivas Vivek V.,Prof. Pradeesha Ashok
antaroopghosh@gmail.com,Prof. Sachit Srinivasa Rao,Prof. Jaya Sreevalsan Nair,Prof. Madhav Rao,Prof. V N Muralidhara
msbidari@gmail.com,Prof. Nanditha Rao,Prof. Srinivas Vivek V.,Prof. Madhav Rao,Prof. Chetan Parikh,Prof. Subajit Sen,Prof. Subir Kumar Roy
nayanitasaha3k14@gmail.com,Prof. Pradeesha Ashok,Prof. Srinivas Vivek V.,Prof. Ashish Choudhury
nikunjpansari95@gmail.com,Prof. Srinivas Vivek V.,Prof. Ashish Choudhury,Prof. Pradeesha Ashok
navneetsharma2255@gmail.com,Prof. Ashish Choudhury,Prof. Srinivas Vivek V.,Prof. Pradeesha Ashok
renju.c.nair@gmail.com,Prof. Sachit Srinivasa Rao,Prof. Madhav Rao,Prof. V N Muralidhara
11mkhyati@gmail.com,Prof. Pradeesha Ashok,Prof. Ashish Choudhury,Prof. Srinivas Vivek V.
ameynikam2821999@gmail.com,Prof. Pradeesha Ashok,Prof. Srinivas Vivek V.,Prof. Ashish Choudhury
priyanshugupta753@gmail.com,Prof. Pradeesha Ashok,Prof. Ashish Choudhury,Prof. Srinivas Vivek V.
palanivigneshwar@gmail.com,Prof. Sachit Srinivasa Rao,Prof. Uttam Kumar,Prof. Srinivas Vivek V.,Prof. Neelam Sinha,Prof. Viswanath Gopalakrishnan
nrrajuu7@gmail.com,Prof. Roland E. Haas,Prof. Jaya Sreevalsan Nair,Prof. Srikanth T.K
jahnukadia@gmail.com,Prof. Dinesh Babu Jayagopi,Prof. Uttam Kumar,Prof. Viswanath Gopalakrishnan
balacdk@gmail.com,Prof. Jaya Sreevalsan Nair,Prof. G. Srinivasaraghavan,Prof. Srinath Srinivasa
vijayvigneshp02@gmail.com,Prof. Uttam Kumar,Prof. Dinesh Babu Jayagopi,Prof. Viswanath Gopalakrishnan
anirban.mukherjee997@gmail.com,Prof. Dinesh Babu Jayagopi,Prof. Viswanath Gopalakrishnan,Prof. Uttam Kumar
harshitc@iiitd.ac.in,Prof. Uttam Kumar,Prof. Dinesh Babu Jayagopi,Prof. Viswanath Gopalakrishnan
ramyabagavathsingh@gmail.com,Prof. G. Srinivasaraghavan,Prof. Roland E. Haas,Prof. Srinath Srinivasa
yuktig.jaipur@gmail.com,Prof. Sachit Srinivasa Rao,Prof. Srinivas Vivek V.,Prof. Uttam Kumar,Prof. Viswanath Gopalakrishnan,Prof. Neelam Sinha
tamalmondal495@gmail.com,Prof. Srinivas Vivek V.,Prof. Roland E. Haas,Prof. Srikanth T.K
noel.amit@gmail.com,Prof. Uttam Kumar,Prof. Neelam Sinha,Prof. Ramasubramanian V V
sg3483@nyu.edu,Prof. Uttam Kumar,Prof. Ramasubramanian V V,Prof. Neelam Sinha
ramyanee.98@gmail.com,Prof. Ramasubramanian V V,Prof. Uttam Kumar,Prof. Neelam Sinha
nikhillohar23@gmail.com,Prof. Chetan Parikh,Prof. Nanditha Rao,Prof. Subir Kumar Roy,Prof. Subajit Sen,Prof. Madhav Rao
taunkdhaval08@gmail.com,Prof. Viswanath Gopalakrishnan,Prof. Dinesh Babu Jayagopi,Prof. Ramasubramanian V V
sirichandana.ck@gmail.com,Prof. Srinath Srinivasa,Prof. Roland E. Haas,Prof. G. Srinivasaraghavan
svchaudhari1995@gmail.com,Prof. Viswanath Gopalakrishnan,Prof. Ramasubramanian V V,Prof. Dinesh Babu Jayagopi
akshata.kanihal@gmail.com,Prof. G. Srinivasaraghavan,Prof. Jaya Sreevalsan Nair,Prof. Srinath Srinivasa
utribedi18@gmail.com,Prof. Jaya Sreevalsan Nair,Prof. Srinath Srinivasa,Prof. G. Srinivasaraghavan
sriyanagarajan21@gmail.com,Prof. Viswanath Gopalakrishnan,Prof. Ramasubramanian V V,Prof. Dinesh Babu Jayagopi
nemaarpita2012@gmail.com,Prof. Srinivas Vivek V.,Prof. Roland E. Haas,Prof. Srikanth T.K
divyagupta0825@gmail.com,Prof. Roland E. Haas,Prof. Srikanth T.K,Prof. Srinivas Vivek V.
venompanna@gmail.com,Prof. Jaya Sreevalsan Nair,Prof. G. Srinivasaraghavan,Prof. Srinath Srinivasa
pranjalswork@gmail.com,Prof. Ramasubramanian V V,Prof. Dinesh Babu Jayagopi,Prof. Viswanath Gopalakrishnan
abhi.behera98@gmail.com,Prof. Neelam Sinha,Prof. Uttam Kumar,Prof. Ramasubramanian V V
ancyt.thomas@gmail.com,Prof. Jaya Sreevalsan Nair,Prof. Srikanth T.K,Prof. Roland E. Haas
beryl.solomon.john@gmail.com,Prof. Jaya Sreevalsan Nair,Prof. Roland E. Haas,Prof. Srikanth T.K
madhurima.panja@gmail.com,Prof. Uttam Kumar,Prof. Viswanath Gopalakrishnan,Prof. Neelam Sinha,Prof. Sachit Srinivasa Rao,Prof. Srinivas Vivek V.
ascoril12@gmail.com,Prof. Roland E. Haas,Prof. Srikanth T.K,Prof. Srinivas Vivek V.
sebastianpraveen@gmail.com,Prof. Roland E. Haas,Prof. G. Srinivasaraghavan,Prof. Srinath Srinivasa
m.ganeshdeveloper@gmail.com,Prof. Jaya Sreevalsan Nair,Prof. Srikanth T.K,Prof. Roland E. Haas
sumeet@nlpaia.com,Prof. Neelam Sinha,Prof. Viswanath Gopalakrishnan,Prof. Uttam Kumar,Prof. Srinivas Vivek V.,Prof. Sachit Srinivasa Rao
rajeshavocat@gmail.com,Prof. Preeti Mudliar,Prof. Amit Prakash,Prof. V Sridhar
siddhartha_lal@miit.edu.mm,Prof. Chetan Parikh,Prof. V Sridhar,Prof. Chandrashekar Ramanathan,Prof. Amit Prakash
sandeepa@cdot.in,Prof. Amit Prakash,Prof. V Sridhar,Prof. Preeti Mudliar
nckd.joshi@gmail.com,Prof. Balaji Parthasarathy,Prof. Bidisha Chaudhuri,Prof. Preeti Mudliar
ayan.a.banerjee@gmail.com,Prof. Preeti Mudliar,Prof. Balaji Parthasarathy,Prof. Bidisha Chaudhuri
jaintaru@ieee.org,Prof. Janaki Srinivasan,Prof. Balaji Parthasarathy,Prof. Preeti Mudliar,Prof. Bidisha Chaudhuri
priyapoornalingam@gmail.com,Prof. Subir Kumar Roy,Prof. Chetan Parikh,Prof. Madhav Rao,Prof. Nanditha Rao,Prof. Subajit Sen
kit.varsha@gmail.com,Prof. Chetan Parikh,Prof. Subajit Sen,Prof. Nanditha Rao,Prof. Madhav Rao,Prof. Subir Kumar Roy
meghana.gmp@gmail.com,Prof. Chetan Parikh,Prof. Madhav Rao,Prof. Nanditha Rao,Prof. Subajit Sen,Prof. Subir Kumar Roy
sumitshreshtha@gmail.com,Prof. Chetan Parikh,Prof. Madhav Rao,Prof. Nanditha Rao,Prof. Subajit Sen,Prof. Subir Kumar Roy
tri.prachi06@gmail.com,Prof. Subir Kumar Roy,Prof. Subajit Sen,Prof. Madhav Rao,Prof. Nanditha Rao,Prof. Chetan Parikh
shashankjoisa@gmail.com,Prof. Madhav Rao,Prof. Nanditha Rao,Prof. Subajit Sen,Prof. Chetan Parikh,Prof. Subir Kumar Roy
hemanthp@outlook.in,Prof. Chetan Parikh,Prof. Madhav Rao,Prof. Nanditha Rao,Prof. Subajit Sen,Prof. Subir Kumar Roy
kulkarnipallavi70@gmail.com,Prof. Chetan Parikh,Prof. Madhav Rao,Prof. Nanditha Rao,Prof. Subajit Sen,Prof. Subir Kumar Roy
abhishek.verma06081998@gmail.com,Prof. Nanditha Rao,Prof. Subir Kumar Roy,Prof. Subajit Sen,Prof. Madhav Rao,Prof. Chetan Parikh
surajchowrasia28@gmail.com,Prof. Chetan Parikh,Prof. Nanditha Rao,Prof. Madhav Rao,Prof. Subir Kumar Roy,Prof. Subajit Sen
vasundharatrivedi7@gmail.com,Prof. Nanditha Rao,Prof. Chetan Parikh,Prof. Madhav Rao,Prof. Subajit Sen,Prof. Subir Kumar Roy
meghanagc30@gmail.com,Prof. Madhav Rao,Prof. Subir Kumar Roy,Prof. Nanditha Rao,Prof. Subajit Sen,Prof. Chetan Parikh
pasalahaasith@gmail.com,Prof. Subajit Sen,Prof. Madhav Rao,Prof. Subir Kumar Roy,Prof. Nanditha Rao,Prof. Chetan Parikh
ambarishbhagavatula@gmail.com,Prof. Subajit Sen,Prof. Chetan Parikh,Prof. Subir Kumar Roy,Prof. Madhav Rao,Prof. Nanditha Rao
meghnarrcat@gmail.com,Prof. Chetan Parikh,Prof. Subir Kumar Roy,Prof. Subajit Sen,Prof. Nanditha Rao,Prof. Madhav Rao
shriyanshikapoor@gmail.com,Prof. Madhav Rao,Prof. Subir Kumar Roy,Prof. Subajit Sen,Prof. Nanditha Rao,Prof. Chetan Parikh
nikhitha.krishna1998@gmail.com,Prof. Subajit Sen,Prof. Madhav Rao,Prof. Chetan Parikh,Prof. Subir Kumar Roy,Prof. Nanditha Rao
rakeshvarma.m1995@gmail.com,Prof. Madhav Rao,Prof. Subir Kumar Roy,Prof. Chetan Parikh,Prof. Nanditha Rao,Prof. Subajit Sen
rajeswari.iiitnuzivid@gmail.com,Prof. Madhav Rao,Prof. Subir Kumar Roy,Prof. Subajit Sen,Prof. Chetan Parikh,Prof. Nanditha Rao
asabhi786@gmail.com,Prof. Madhav Rao,Prof. Subir Kumar Roy,Prof. Subajit Sen,Prof. Nanditha Rao,Prof. Chetan Parikh
analnitrr@gmail.com,Prof. Subir Kumar Roy,Prof. Subajit Sen,Prof. Nanditha Rao,Prof. Madhav Rao,Prof. Chetan Parikh
anjali.lily12@gmail.com,Prof. Nanditha Rao,Prof. Subir Kumar Roy,Prof. Madhav Rao,Prof. Subajit Sen,Prof. Chetan Parikh
adhyarao1999@gmail.com,Prof. Chetan Parikh,Prof. Nanditha Rao,Prof. Subajit Sen,Prof. Subir Kumar Roy,Prof. Madhav Rao
venkatnarayana.rao@gmail.com,Prof. Nanditha Rao,Prof. Chetan Parikh,Prof. Madhav Rao,Prof. Subir Kumar Roy,Prof. Subajit Sen
anandabhinav069@gmail.com,Prof. Chetan Parikh,Prof. Subir Kumar Roy,Prof. Subajit Sen,Prof. Nanditha Rao,Prof. Madhav Rao
spandana2904@gmail.com,Prof. Subajit Sen,Prof. Nanditha Rao,Prof. Madhav Rao,Prof. Chetan Parikh,Prof. Subir Kumar Roy
saravana.kumaar@gmail.com,Prof. Chetan Parikh,Prof. Subir Kumar Roy,Prof. Subajit Sen,Prof. Nanditha Rao,Prof. Madhav Rao
jethmalani18@gmail.com,Prof. Subir Kumar Roy,Prof. Subajit Sen,Prof. Nanditha Rao,Prof. Madhav Rao,Prof. Chetan Parikh
shreyassbagi@gmail.com,Prof. Chetan Parikh,Prof. Subir Kumar Roy,Prof. Madhav Rao,Prof. Subajit Sen,Prof. Nanditha Rao
shobha.rajashekar@honeywell.com,Prof. Sujit Kumar Chakrabarti,Prof. B Thangaraju,Prof. Meenakshi D’Souza
akarsh.goel@outlook.com,Prof. B Thangaraju,Prof. Srinivas Vivek V.,Prof. Sujit Kumar Chakrabarti,Prof. Meenakshi D’Souza
kulkarni.tejas04@gmail.com,Prof. Meenakshi D’Souza,Prof. Sujit Kumar Chakrabarti,Prof. B Thangaraju
srishti.cse@gmail.com,Prof. Meenakshi D’Souza,Prof. B Thangaraju,Prof. Sujit Kumar Chakrabarti
abhijit.iyer2@gmail.com,Prof. Meenakshi D’Souza,Prof. Sujit Kumar Chakrabarti,Prof. B Thangaraju
shubham27dec@gmail.com,Prof. B Thangaraju,Prof. Meenakshi D’Souza,Prof. Sujit Kumar Chakrabarti
vaishaligoyal.cse20@jecrc.ac.in,Prof. Meenakshi D’Souza,Prof. Sujit Kumar Chakrabarti,Prof. B Thangaraju
hitaishi2222@gmail.com,Prof. Balakrishnan Ashok,Prof. Shiva Kumar Malapaka
snigdhashreem@gmail.com,Prof. Balakrishnan Ashok,Prof. Shiva Kumar Malapaka
kpratyush1997@gmail.com,Prof. Balakrishnan Ashok,Prof. Shiva Kumar Malapaka
vinaybk@gmail.com,Prof. Vinod Veera Reddy,Prof. Neelam Sinha
waghumbareajay@gmail.com,Prof. Priyanka Das,Prof. Amrita Mishra
munwarmtech@gmail.com,Prof. Amrita Mishra,Prof. Vinod Veera Reddy,Prof. Neelam Sinha
nagarajaseshadri100@gmail.com,Prof. Priyanka Das,Prof. Arti Dilip,Prof. Jyotsna Bapat,Prof. Amrita Mishra
dshivaa@yahoo.com,Prof. Jyotsna Bapat,Prof. Arti Dilip,Prof. Amrita Mishra,Prof. Priyanka Das
harshithab.ece@bmsce.ac.in,Prof. Arti Dilip,Prof. Priyanka Das
pranjitdeka236@gmail.com,Prof. Jyotsna Bapat,Prof. Amrita Mishra,Prof. Priyanka Das,Prof. Arti Dilip
amudheesan@gmail.com,Prof. Jyotsna Bapat,Prof. Debabrata Das
vijaylaxmi.pg@gmail.com,Prof. Neelam Sinha,Prof. Amrita Mishra,Prof. Vinod Veera Reddy
arbala21@gmail.com,Prof. Amrita Mishra,Prof. Arti Dilip,Prof. Jyotsna Bapat,Prof. Priyanka Das
kancharlavamshi007@gmail.com,Prof. Jyotsna Bapat,Prof. Amrita Mishra,Prof. Arti Dilip,Prof. Priyanka Das
neha.kochi@gmail.com,Prof. Arti Dilip,Prof. Priyanka Das
piyush.jain9456@gmail.com,Prof. Vinod Veera Reddy,Prof. Neelam Sinha,Prof. Arti Dilip
abhiramisoundar@gmail.com,Prof. Priyanka Das,Prof. Jyotsna Bapat,Prof. Arti Dilip
agrim.agarwal33@gmail.com,Prof. Amrita Mishra,Prof. Priyanka Das,Prof. Jyotsna Bapat,Prof. Arti Dilip
kiku.pbs1982@gmail.com,Prof. Arti Dilip,Prof. Jyotsna Bapat,Prof. Amrita Mishra,Prof. Priyanka Das
sumukha642@gmail.com,Prof. Arti Dilip,Prof. Jyotsna Bapat,Prof. Amrita Mishra
dibysahu007@gmail.com,Prof. Priyanka Das,Prof. Jyotsna Bapat,Prof. Arti Dilip,Prof. Amrita Mishra
avinashdixit94@gmail.com,Prof. Vinod Veera Reddy,Prof. Neelam Sinha
mimanshusingh97@gmail.com,Prof. Amrita Mishra,Prof. Neelam Sinha,Prof. Vinod Veera Reddy
venkatavasishta@gmail.com,Prof. Neelam Sinha,Prof. Vinod Veera Reddy
mailmeetukapoor@gmail.com,Prof. Jyotsna Bapat,Prof. Srinivas Vivek V.,Prof. Priyanka Das
neelimakhandelwal1234@gmail.com,Prof. Srinivas Vivek V.,Prof. Manisha Kulkarni
swapnasangeetha4@gmail.com,Prof. Srinivas Vivek V.,Prof. Manisha Kulkarni
meghana97elizabeth@gmail.com,Prof. Srinivas Vivek V.,Prof. Manisha Kulkarni
hari080796@gmail.com,Prof. Manisha Kulkarni,Prof. Srinivas Vivek V.
kanchan.kaur@gmail.com,Prof. Balaji Parthasarathy,Prof. Janaki Srinivasan,Prof. Preeti Mudliar,Prof. Bidisha Chaudhuri
singhal.sunil@gmail.com,Prof. Preeti Mudliar,Prof. Amit Prakash,Prof. V Sridhar
asilatakarandikar.1@gmail.com,Prof. Balaji Parthasarathy,Prof. Bidisha Chaudhuri,Prof. Janaki Srinivasan
jitesh.rustagi16_mad@apu.edu.in,Prof. Balaji Parthasarathy,Prof. Bidisha Chaudhuri,Prof. Janaki Srinivasan
anuanfas7736@gmail.com,Prof. V Sridhar,Prof. Amit Prakash,Prof. Janaki Srinivasan,Prof. Balaji Parthasarathy
ronakronak2021@gmail.com,Prof. Janaki Srinivasan,Prof. Amit Prakash,Prof. Balaji Parthasarathy,Prof. Bidisha Chaudhuri
